<Anims>
 <anim name="open_90s" root="ui_voidgem_3x3" numframes="225" framerate="40">
  <frame idx="0" w="423" h="33" x="-35.474655" y="-3.098663">
   <element name="frame" layername="frame" frame="0" z_index="2" m_a="1.000000" m_b="0.000000" m_c="0.000000" m_d="0.075928" m_tx="0.000000" m_ty="0.000000"/>
  </frame>
  <frame idx="25" w="430" h="106" x="-35.974251" y="-9.326360">
   <element name="frame" layername="frame" frame="0" z_index="2" m_a="1.015963" m_b="0.000000" m_c="0.000000" m_d="0.251157" m_tx="0.000000" m_ty="0.000000"/>
  </frame>
  <frame idx="50" w="446" h="278" x="-37.473305" y="-24.358767">
   <element name="frame" layername="frame" frame="0" z_index="2" m_a="1.053288" m_b="0.000000" m_c="0.000000" m_d="0.660882" m_tx="0.000000" m_ty="0.000000"/>
  </frame>
  <frame idx="75" w="425" h="429" x="-35.126717" y="-37.324162">
   <element name="frame" layername="frame" frame="0" z_index="2" m_a="1.004461" m_b="0.000000" m_c="0.000000" m_d="1.019037" m_tx="0.347826" m_ty="0.000000"/>
  </frame>
  <frame idx="100" w="360" h="422" x="-29.047901" y="-36.799423">
   <element name="frame" layername="frame" frame="0" z_index="2" m_a="0.850000" m_b="0.000000" m_c="0.000000" m_d="1.000000" m_tx="0.930556" m_ty="0.000000"/>
  </frame>
  <frame idx="125" w="360" h="422" x="-29.221512" y="-36.799423">
   <element name="frame" layername="frame" frame="0" z_index="2" m_a="0.850000" m_b="0.000000" m_c="0.000000" m_d="1.000000" m_tx="0.756944" m_ty="0.000000"/>
  </frame>
  <frame idx="150" w="360" h="421" x="-29.395123" y="-36.799423">
   <element name="frame" layername="frame" frame="0" z_index="2" m_a="0.850000" m_b="0.000000" m_c="0.000000" m_d="1.000000" m_tx="0.583333" m_ty="0.000000"/>
  </frame>
  <frame idx="175" w="360" h="421" x="-29.568735" y="-36.799423">
   <element name="frame" layername="frame" frame="0" z_index="2" m_a="0.850000" m_b="0.000000" m_c="0.000000" m_d="1.000000" m_tx="0.409722" m_ty="0.000000"/>
  </frame>
  <frame idx="200" w="360" h="421" x="-29.742346" y="-36.799423">
   <element name="frame" layername="frame" frame="0" z_index="2" m_a="0.850000" m_b="0.000000" m_c="0.000000" m_d="1.000000" m_tx="0.236111" m_ty="0.000000"/>
  </frame>
 </anim>
 <anim name="close_90s" root="ui_voidgem_3x3" numframes="225" framerate="40">
  <frame idx="0" w="360" h="421" x="-29.978456" y="-36.799423">
   <element name="frame" layername="frame" frame="0" z_index="2" m_a="0.850000" m_b="0.000000" m_c="0.000000" m_d="1.000000" m_tx="0.000000" m_ty="0.000000"/>
  </frame>
  <frame idx="25" w="360" h="363" x="-29.978456" y="-31.621000">
   <element name="frame" layername="frame" frame="0" z_index="2" m_a="0.850000" m_b="0.000000" m_c="0.000000" m_d="0.862691" m_tx="0.000000" m_ty="0.000000"/>
  </frame>
  <frame idx="50" w="360" h="305" x="-29.978456" y="-26.442579">
   <element name="frame" layername="frame" frame="0" z_index="2" m_a="0.850000" m_b="0.000000" m_c="0.000000" m_d="0.725383" m_tx="0.000000" m_ty="0.000000"/>
  </frame>
  <frame idx="75" w="360" h="248" x="-29.978456" y="-21.764156">
   <element name="frame" layername="frame" frame="0" z_index="2" m_a="0.850000" m_b="0.000000" m_c="0.000000" m_d="0.588074" m_tx="0.000000" m_ty="0.000000"/>
  </frame>
  <frame idx="100" w="360" h="190" x="-29.978456" y="-16.585735">
   <element name="frame" layername="frame" frame="0" z_index="2" m_a="0.850000" m_b="0.000000" m_c="0.000000" m_d="0.450765" m_tx="0.000000" m_ty="0.000000"/>
  </frame>
  <frame idx="125" w="360" h="132" x="-29.978456" y="-11.407312">
   <element name="frame" layername="frame" frame="0" z_index="2" m_a="0.850000" m_b="0.000000" m_c="0.000000" m_d="0.313456" m_tx="0.000000" m_ty="0.000000"/>
  </frame>
  <frame idx="150" w="360" h="75" x="-29.978456" y="-6.728890">
   <element name="frame" layername="frame" frame="0" z_index="2" m_a="0.850000" m_b="0.000000" m_c="0.000000" m_d="0.176148" m_tx="0.000000" m_ty="0.000000"/>
  </frame>
  <frame idx="175" w="360" h="17" x="-29.978456" y="-1.550468">
   <element name="frame" layername="frame" frame="0" z_index="2" m_a="0.850000" m_b="0.000000" m_c="0.000000" m_d="0.038839" m_tx="0.000000" m_ty="0.000000"/>
  </frame>
  <frame idx="200" w="231" h="4" x="-19.486179" y="-0.509484">
   <element name="frame" layername="frame" frame="0" z_index="2" m_a="0.545283" m_b="0.000000" m_c="0.000000" m_d="0.007298" m_tx="0.000000" m_ty="0.000000"/>
  </frame>
 </anim>
</Anims>
