<Anims>
 <anim name="idle_normal" root="voidgem" numframes="600" framerate="40">
  <frame idx="0" w="77" h="77" x="-6.500000" y="-6.500000">
   <element name="assets" layername="base" frame="3" z_index="18" m_a="1.000000" m_b="0.000000" m_c="0.000000" m_d="1.000000" m_tx="0.000000" m_ty="0.000000"/>
   <element name="assets" layername="base_2" frame="4" z_index="17" m_a="1.000000" m_b="0.000000" m_c="0.000000" m_d="1.000000" m_tx="0.000000" m_ty="0.000000"/>
   <element name="assets" layername="base_3" frame="2" z_index="16" m_a="1.000000" m_b="0.000000" m_c="0.000000" m_d="1.000000" m_tx="0.000000" m_ty="0.000000"/>
   <element name="assets" layername="base_4" frame="5" z_index="15" m_a="1.000000" m_b="0.000000" m_c="0.000000" m_d="1.000000" m_tx="0.000000" m_ty="0.000000"/>
   <element name="assets" layername="base_5" frame="6" z_index="14" m_a="1.000000" m_b="0.000000" m_c="0.000000" m_d="1.000000" m_tx="0.000000" m_ty="0.000000"/>
   <element name="assets" layername="base_6" frame="1" z_index="13" m_a="1.000000" m_b="0.000000" m_c="0.000000" m_d="1.000000" m_tx="0.000000" m_ty="0.000000"/>
  </frame>
  <frame idx="25" w="78" h="93" x="-6.812078" y="-8.067476">
   <element name="assets" layername="base" frame="3" z_index="18" m_a="1.000000" m_b="0.000000" m_c="0.000000" m_d="1.000000" m_tx="0.000000" m_ty="0.000000"/>
   <element name="assets" layername="base_2" frame="4" z_index="17" m_a="1.000000" m_b="0.000000" m_c="0.000000" m_d="1.000000" m_tx="0.000000" m_ty="0.000000"/>
   <element name="assets" layername="base_3" frame="2" z_index="16" m_a="1.000000" m_b="0.000000" m_c="0.000000" m_d="1.000000" m_tx="0.000000" m_ty="0.000000"/>
   <element name="assets" layername="base_4" frame="5" z_index="15" m_a="0.972798" m_b="0.231656" m_c="-0.231656" m_d="0.972798" m_tx="-0.312078" m_ty="-0.067476"/>
   <element name="assets" layername="base_5" frame="6" z_index="14" m_a="1.000000" m_b="0.000000" m_c="0.000000" m_d="1.000000" m_tx="0.000000" m_ty="0.000000"/>
   <element name="assets" layername="base_6" frame="1" z_index="13" m_a="1.000000" m_b="0.000000" m_c="0.000000" m_d="1.000000" m_tx="0.000000" m_ty="0.000000"/>
  </frame>
  <frame idx="50" w="78" h="104" x="-7.124156" y="-9.134953">
   <element name="assets" layername="base" frame="3" z_index="18" m_a="1.000000" m_b="0.000000" m_c="0.000000" m_d="1.000000" m_tx="0.000000" m_ty="0.000000"/>
   <element name="assets" layername="base_2" frame="4" z_index="17" m_a="1.000000" m_b="0.000000" m_c="0.000000" m_d="1.000000" m_tx="0.000000" m_ty="0.000000"/>
   <element name="assets" layername="base_3" frame="2" z_index="16" m_a="1.000000" m_b="0.000000" m_c="0.000000" m_d="1.000000" m_tx="0.000000" m_ty="0.000000"/>
   <element name="assets" layername="base_4" frame="5" z_index="15" m_a="0.892671" m_b="0.450708" m_c="-0.450708" m_d="0.892671" m_tx="-0.624157" m_ty="-0.134953"/>
   <element name="assets" layername="base_5" frame="6" z_index="14" m_a="1.000000" m_b="0.000000" m_c="0.000000" m_d="1.000000" m_tx="0.000000" m_ty="0.000000"/>
   <element name="assets" layername="base_6" frame="1" z_index="13" m_a="1.000000" m_b="0.000000" m_c="0.000000" m_d="1.000000" m_tx="0.000000" m_ty="0.000000"/>
  </frame>
  <frame idx="75" w="78" h="109" x="-7.436235" y="-9.702429">
   <element name="assets" layername="base" frame="3" z_index="18" m_a="1.000000" m_b="0.000000" m_c="0.000000" m_d="1.000000" m_tx="0.000000" m_ty="0.000000"/>
   <element name="assets" layername="base_2" frame="4" z_index="17" m_a="1.000000" m_b="0.000000" m_c="0.000000" m_d="1.000000" m_tx="0.000000" m_ty="0.000000"/>
   <element name="assets" layername="base_3" frame="2" z_index="16" m_a="1.000000" m_b="0.000000" m_c="0.000000" m_d="1.000000" m_tx="0.000000" m_ty="0.000000"/>
   <element name="assets" layername="base_4" frame="5" z_index="15" m_a="0.763980" m_b="0.645240" m_c="-0.645240" m_d="0.763980" m_tx="-0.936235" m_ty="-0.202429"/>
   <element name="assets" layername="base_5" frame="6" z_index="14" m_a="1.000000" m_b="0.000000" m_c="0.000000" m_d="1.000000" m_tx="0.000000" m_ty="0.000000"/>
   <element name="assets" layername="base_6" frame="1" z_index="13" m_a="1.000000" m_b="0.000000" m_c="0.000000" m_d="1.000000" m_tx="0.000000" m_ty="0.000000"/>
  </frame>
  <frame idx="100" w="95" h="107" x="-22.748730" y="-9.269906">
   <element name="assets" layername="base" frame="3" z_index="18" m_a="1.000000" m_b="0.000000" m_c="0.000000" m_d="1.000000" m_tx="0.000000" m_ty="0.000000"/>
   <element name="assets" layername="base_2" frame="4" z_index="17" m_a="1.000000" m_b="0.000000" m_c="0.000000" m_d="1.000000" m_tx="0.000000" m_ty="0.000000"/>
   <element name="assets" layername="base_3" frame="2" z_index="16" m_a="1.000000" m_b="0.000000" m_c="0.000000" m_d="1.000000" m_tx="0.000000" m_ty="0.000000"/>
   <element name="assets" layername="base_4" frame="5" z_index="15" m_a="0.593724" m_b="0.804668" m_c="-0.804668" m_d="0.593724" m_tx="-1.248313" m_ty="-0.269906"/>
   <element name="assets" layername="base_5" frame="6" z_index="14" m_a="1.000000" m_b="0.000000" m_c="0.000000" m_d="1.000000" m_tx="0.000000" m_ty="0.000000"/>
   <element name="assets" layername="base_6" frame="1" z_index="13" m_a="1.000000" m_b="0.000000" m_c="0.000000" m_d="1.000000" m_tx="0.000000" m_ty="0.000000"/>
  </frame>
  <frame idx="125" w="121" h="100" x="-45.926083" y="-8.837382">
   <element name="assets" layername="base" frame="3" z_index="18" m_a="1.000000" m_b="0.000000" m_c="0.000000" m_d="1.000000" m_tx="0.000000" m_ty="0.000000"/>
   <element name="assets" layername="base_2" frame="4" z_index="17" m_a="1.000000" m_b="0.000000" m_c="0.000000" m_d="1.000000" m_tx="0.000000" m_ty="0.000000"/>
   <element name="assets" layername="base_3" frame="2" z_index="16" m_a="1.000000" m_b="0.000000" m_c="0.000000" m_d="1.000000" m_tx="0.000000" m_ty="0.000000"/>
   <element name="assets" layername="base_4" frame="5" z_index="15" m_a="0.391168" m_b="0.920319" m_c="-0.920319" m_d="0.391168" m_tx="-1.560391" m_ty="-0.337382"/>
   <element name="assets" layername="base_5" frame="6" z_index="14" m_a="1.000000" m_b="0.000000" m_c="0.000000" m_d="1.000000" m_tx="0.000000" m_ty="0.000000"/>
   <element name="assets" layername="base_6" frame="1" z_index="13" m_a="1.000000" m_b="0.000000" m_c="0.000000" m_d="1.000000" m_tx="0.000000" m_ty="0.000000"/>
  </frame>
  <frame idx="150" w="143" h="88" x="-66.261002" y="-7.904859">
   <element name="assets" layername="base" frame="3" z_index="18" m_a="1.000000" m_b="0.000000" m_c="0.000000" m_d="1.000000" m_tx="0.000000" m_ty="0.000000"/>
   <element name="assets" layername="base_2" frame="4" z_index="17" m_a="1.000000" m_b="0.000000" m_c="0.000000" m_d="1.000000" m_tx="0.000000" m_ty="0.000000"/>
   <element name="assets" layername="base_3" frame="2" z_index="16" m_a="1.000000" m_b="0.000000" m_c="0.000000" m_d="1.000000" m_tx="0.000000" m_ty="0.000000"/>
   <element name="assets" layername="base_4" frame="5" z_index="15" m_a="0.167330" m_b="0.985901" m_c="-0.985901" m_d="0.167330" m_tx="-1.872470" m_ty="-0.404858"/>
   <element name="assets" layername="base_5" frame="6" z_index="14" m_a="1.000000" m_b="0.000000" m_c="0.000000" m_d="1.000000" m_tx="0.000000" m_ty="0.000000"/>
   <element name="assets" layername="base_6" frame="1" z_index="13" m_a="1.000000" m_b="0.000000" m_c="0.000000" m_d="1.000000" m_tx="0.000000" m_ty="0.000000"/>
  </frame>
  <frame idx="175" w="162" h="78" x="-83.745750" y="-6.972335">
   <element name="assets" layername="base" frame="3" z_index="18" m_a="1.000000" m_b="0.000000" m_c="0.000000" m_d="1.000000" m_tx="0.000000" m_ty="0.000000"/>
   <element name="assets" layername="base_2" frame="4" z_index="17" m_a="1.000000" m_b="0.000000" m_c="0.000000" m_d="1.000000" m_tx="0.000000" m_ty="0.000000"/>
   <element name="assets" layername="base_3" frame="2" z_index="16" m_a="1.000000" m_b="0.000000" m_c="0.000000" m_d="1.000000" m_tx="0.000000" m_ty="0.000000"/>
   <element name="assets" layername="base_4" frame="5" z_index="15" m_a="-0.065611" m_b="0.997845" m_c="-0.997845" m_d="-0.065611" m_tx="-2.184548" m_ty="-0.472335"/>
   <element name="assets" layername="base_5" frame="6" z_index="14" m_a="1.000000" m_b="0.000000" m_c="0.000000" m_d="1.000000" m_tx="0.000000" m_ty="0.000000"/>
   <element name="assets" layername="base_6" frame="1" z_index="13" m_a="1.000000" m_b="0.000000" m_c="0.000000" m_d="1.000000" m_tx="0.000000" m_ty="0.000000"/>
  </frame>
  <frame idx="200" w="177" h="78" x="-97.527679" y="-7.039811">
   <element name="assets" layername="base" frame="3" z_index="18" m_a="1.000000" m_b="0.000000" m_c="0.000000" m_d="1.000000" m_tx="0.000000" m_ty="0.000000"/>
   <element name="assets" layername="base_2" frame="4" z_index="17" m_a="1.000000" m_b="0.000000" m_c="0.000000" m_d="1.000000" m_tx="0.000000" m_ty="0.000000"/>
   <element name="assets" layername="base_3" frame="2" z_index="16" m_a="1.000000" m_b="0.000000" m_c="0.000000" m_d="1.000000" m_tx="0.000000" m_ty="0.000000"/>
   <element name="assets" layername="base_4" frame="5" z_index="15" m_a="-0.294983" m_b="0.955503" m_c="-0.955503" m_d="-0.294983" m_tx="-2.496626" m_ty="-0.539811"/>
   <element name="assets" layername="base_5" frame="6" z_index="14" m_a="1.000000" m_b="0.000000" m_c="0.000000" m_d="1.000000" m_tx="0.000000" m_ty="0.000000"/>
   <element name="assets" layername="base_6" frame="1" z_index="13" m_a="1.000000" m_b="0.000000" m_c="0.000000" m_d="1.000000" m_tx="0.000000" m_ty="0.000000"/>
  </frame>
  <frame idx="225" w="186" h="78" x="-105.955589" y="-7.107288">
   <element name="assets" layername="base" frame="3" z_index="18" m_a="1.000000" m_b="0.000000" m_c="0.000000" m_d="1.000000" m_tx="0.000000" m_ty="0.000000"/>
   <element name="assets" layername="base_2" frame="4" z_index="17" m_a="1.000000" m_b="0.000000" m_c="0.000000" m_d="1.000000" m_tx="0.000000" m_ty="0.000000"/>
   <element name="assets" layername="base_3" frame="2" z_index="16" m_a="1.000000" m_b="0.000000" m_c="0.000000" m_d="1.000000" m_tx="0.000000" m_ty="0.000000"/>
   <element name="assets" layername="base_4" frame="5" z_index="15" m_a="-0.508306" m_b="0.861176" m_c="-0.861176" m_d="-0.508306" m_tx="-2.808704" m_ty="-0.607288"/>
   <element name="assets" layername="base_5" frame="6" z_index="14" m_a="1.000000" m_b="0.000000" m_c="0.000000" m_d="1.000000" m_tx="0.000000" m_ty="0.000000"/>
   <element name="assets" layername="base_6" frame="1" z_index="13" m_a="1.000000" m_b="0.000000" m_c="0.000000" m_d="1.000000" m_tx="0.000000" m_ty="0.000000"/>
  </frame>
  <frame idx="250" w="190" h="80" x="-109.615128" y="-8.455290">
   <element name="assets" layername="base" frame="3" z_index="18" m_a="1.000000" m_b="0.000000" m_c="0.000000" m_d="1.000000" m_tx="0.000000" m_ty="0.000000"/>
   <element name="assets" layername="base_2" frame="4" z_index="17" m_a="1.000000" m_b="0.000000" m_c="0.000000" m_d="1.000000" m_tx="0.000000" m_ty="0.000000"/>
   <element name="assets" layername="base_3" frame="2" z_index="16" m_a="1.000000" m_b="0.000000" m_c="0.000000" m_d="1.000000" m_tx="0.000000" m_ty="0.000000"/>
   <element name="assets" layername="base_4" frame="5" z_index="15" m_a="-0.693975" m_b="0.719999" m_c="-0.719999" m_d="-0.693975" m_tx="-3.120783" m_ty="-0.674764"/>
   <element name="assets" layername="base_5" frame="6" z_index="14" m_a="1.000000" m_b="0.000000" m_c="0.000000" m_d="1.000000" m_tx="0.000000" m_ty="0.000000"/>
   <element name="assets" layername="base_6" frame="1" z_index="13" m_a="1.000000" m_b="0.000000" m_c="0.000000" m_d="1.000000" m_tx="0.000000" m_ty="0.000000"/>
  </frame>
  <frame idx="275" w="188" h="105" x="-107.851387" y="-31.776192">
   <element name="assets" layername="base" frame="3" z_index="18" m_a="1.000000" m_b="0.000000" m_c="0.000000" m_d="1.000000" m_tx="0.000000" m_ty="0.000000"/>
   <element name="assets" layername="base_2" frame="4" z_index="17" m_a="1.000000" m_b="0.000000" m_c="0.000000" m_d="1.000000" m_tx="0.000000" m_ty="0.000000"/>
   <element name="assets" layername="base_3" frame="2" z_index="16" m_a="1.000000" m_b="0.000000" m_c="0.000000" m_d="1.000000" m_tx="0.000000" m_ty="0.000000"/>
   <element name="assets" layername="base_4" frame="5" z_index="15" m_a="-0.841890" m_b="0.539650" m_c="-0.539650" m_d="-0.841890" m_tx="-3.432861" m_ty="-0.742241"/>
   <element name="assets" layername="base_5" frame="6" z_index="14" m_a="1.000000" m_b="0.000000" m_c="0.000000" m_d="1.000000" m_tx="0.000000" m_ty="0.000000"/>
   <element name="assets" layername="base_6" frame="1" z_index="13" m_a="1.000000" m_b="0.000000" m_c="0.000000" m_d="1.000000" m_tx="0.000000" m_ty="0.000000"/>
  </frame>
  <frame idx="300" w="180" h="130" x="-100.277306" y="-54.044716">
   <element name="assets" layername="base" frame="3" z_index="18" m_a="1.000000" m_b="0.000000" m_c="0.000000" m_d="1.000000" m_tx="0.000000" m_ty="0.000000"/>
   <element name="assets" layername="base_2" frame="4" z_index="17" m_a="1.000000" m_b="0.000000" m_c="0.000000" m_d="1.000000" m_tx="0.000000" m_ty="0.000000"/>
   <element name="assets" layername="base_3" frame="2" z_index="16" m_a="1.000000" m_b="0.000000" m_c="0.000000" m_d="1.000000" m_tx="0.000000" m_ty="0.000000"/>
   <element name="assets" layername="base_4" frame="5" z_index="15" m_a="-0.944001" m_b="0.329942" m_c="-0.329942" m_d="-0.944001" m_tx="-3.744939" m_ty="-0.809717"/>
   <element name="assets" layername="base_5" frame="6" z_index="14" m_a="1.000000" m_b="0.000000" m_c="0.000000" m_d="1.000000" m_tx="0.000000" m_ty="0.000000"/>
   <element name="assets" layername="base_6" frame="1" z_index="13" m_a="1.000000" m_b="0.000000" m_c="0.000000" m_d="1.000000" m_tx="0.000000" m_ty="0.000000"/>
  </frame>
  <frame idx="325" w="160" h="156" x="-81.635811" y="-78.780434">
   <element name="assets" layername="base" frame="3" z_index="18" m_a="1.000000" m_b="0.000000" m_c="0.000000" m_d="1.000000" m_tx="0.000000" m_ty="0.000000"/>
   <element name="assets" layername="base_2" frame="4" z_index="17" m_a="1.000000" m_b="0.000000" m_c="0.000000" m_d="1.000000" m_tx="0.000000" m_ty="0.000000"/>
   <element name="assets" layername="base_3" frame="2" z_index="16" m_a="1.000000" m_b="0.000000" m_c="0.000000" m_d="1.000000" m_tx="0.000000" m_ty="0.000000"/>
   <element name="assets" layername="base_4" frame="5" z_index="15" m_a="-0.999831" m_b="0.018401" m_c="-0.018401" m_d="-0.999831" m_tx="-2.968961" m_ty="-1.029015"/>
   <element name="assets" layername="base_5" frame="6" z_index="14" m_a="1.000000" m_b="0.000000" m_c="0.000000" m_d="1.000000" m_tx="0.000000" m_ty="0.000000"/>
   <element name="assets" layername="base_6" frame="1" z_index="13" m_a="1.000000" m_b="0.000000" m_c="0.000000" m_d="1.000000" m_tx="0.000000" m_ty="0.000000"/>
  </frame>
  <frame idx="350" w="131" h="177" x="-55.466270" y="-97.224030">
   <element name="assets" layername="base" frame="3" z_index="18" m_a="1.000000" m_b="0.000000" m_c="0.000000" m_d="1.000000" m_tx="0.000000" m_ty="0.000000"/>
   <element name="assets" layername="base_2" frame="4" z_index="17" m_a="1.000000" m_b="0.000000" m_c="0.000000" m_d="1.000000" m_tx="0.000000" m_ty="0.000000"/>
   <element name="assets" layername="base_3" frame="2" z_index="16" m_a="1.000000" m_b="0.000000" m_c="0.000000" m_d="1.000000" m_tx="0.000000" m_ty="0.000000"/>
   <element name="assets" layername="base_4" frame="5" z_index="15" m_a="-0.955503" m_b="-0.294982" m_c="0.294982" m_d="-0.955503" m_tx="-2.192982" m_ty="-1.248313"/>
   <element name="assets" layername="base_5" frame="6" z_index="14" m_a="1.000000" m_b="0.000000" m_c="0.000000" m_d="1.000000" m_tx="0.000000" m_ty="0.000000"/>
   <element name="assets" layername="base_6" frame="1" z_index="13" m_a="1.000000" m_b="0.000000" m_c="0.000000" m_d="1.000000" m_tx="0.000000" m_ty="0.000000"/>
  </frame>
  <frame idx="375" w="98" h="186" x="-25.062008" y="-106.150574">
   <element name="assets" layername="base" frame="3" z_index="18" m_a="1.000000" m_b="0.000000" m_c="0.000000" m_d="1.000000" m_tx="0.000000" m_ty="0.000000"/>
   <element name="assets" layername="base_2" frame="4" z_index="17" m_a="1.000000" m_b="0.000000" m_c="0.000000" m_d="1.000000" m_tx="0.000000" m_ty="0.000000"/>
   <element name="assets" layername="base_3" frame="2" z_index="16" m_a="1.000000" m_b="0.000000" m_c="0.000000" m_d="1.000000" m_tx="0.000000" m_ty="0.000000"/>
   <element name="assets" layername="base_4" frame="5" z_index="15" m_a="-0.815458" m_b="-0.578817" m_c="0.578817" m_d="-0.815458" m_tx="-1.417004" m_ty="-1.467611"/>
   <element name="assets" layername="base_5" frame="6" z_index="14" m_a="1.000000" m_b="0.000000" m_c="0.000000" m_d="1.000000" m_tx="0.000000" m_ty="0.000000"/>
   <element name="assets" layername="base_6" frame="1" z_index="13" m_a="1.000000" m_b="0.000000" m_c="0.000000" m_d="1.000000" m_tx="0.000000" m_ty="0.000000"/>
  </frame>
  <frame idx="400" w="78" h="186" x="-7.141026" y="-105.638176">
   <element name="assets" layername="base" frame="3" z_index="18" m_a="1.000000" m_b="0.000000" m_c="0.000000" m_d="1.000000" m_tx="0.000000" m_ty="0.000000"/>
   <element name="assets" layername="base_2" frame="4" z_index="17" m_a="1.000000" m_b="0.000000" m_c="0.000000" m_d="1.000000" m_tx="0.000000" m_ty="0.000000"/>
   <element name="assets" layername="base_3" frame="2" z_index="16" m_a="1.000000" m_b="0.000000" m_c="0.000000" m_d="1.000000" m_tx="0.000000" m_ty="0.000000"/>
   <element name="assets" layername="base_4" frame="5" z_index="15" m_a="-0.593725" m_b="-0.804668" m_c="0.804668" m_d="-0.593725" m_tx="-0.641026" m_ty="-1.686910"/>
   <element name="assets" layername="base_5" frame="6" z_index="14" m_a="1.000000" m_b="0.000000" m_c="0.000000" m_d="1.000000" m_tx="0.000000" m_ty="0.000000"/>
   <element name="assets" layername="base_6" frame="1" z_index="13" m_a="1.000000" m_b="0.000000" m_c="0.000000" m_d="1.000000" m_tx="0.000000" m_ty="0.000000"/>
  </frame>
  <frame idx="425" w="77" h="174" x="-6.500000" y="-95.160439">
   <element name="assets" layername="base" frame="3" z_index="18" m_a="1.000000" m_b="0.000000" m_c="0.000000" m_d="1.000000" m_tx="0.000000" m_ty="0.000000"/>
   <element name="assets" layername="base_2" frame="4" z_index="17" m_a="1.000000" m_b="0.000000" m_c="0.000000" m_d="1.000000" m_tx="0.000000" m_ty="0.000000"/>
   <element name="assets" layername="base_3" frame="2" z_index="16" m_a="1.000000" m_b="0.000000" m_c="0.000000" m_d="1.000000" m_tx="0.000000" m_ty="0.000000"/>
   <element name="assets" layername="base_4" frame="5" z_index="15" m_a="-0.312515" m_b="-0.949913" m_c="0.949913" m_d="-0.312515" m_tx="0.134953" m_ty="-1.906208"/>
   <element name="assets" layername="base_5" frame="6" z_index="14" m_a="1.000000" m_b="0.000000" m_c="0.000000" m_d="1.000000" m_tx="0.000000" m_ty="0.000000"/>
   <element name="assets" layername="base_6" frame="1" z_index="13" m_a="1.000000" m_b="0.000000" m_c="0.000000" m_d="1.000000" m_tx="0.000000" m_ty="0.000000"/>
  </frame>
  <frame idx="450" w="78" h="154" x="-6.500000" y="-76.089073">
   <element name="assets" layername="base" frame="3" z_index="18" m_a="1.000000" m_b="0.000000" m_c="0.000000" m_d="1.000000" m_tx="0.000000" m_ty="0.000000"/>
   <element name="assets" layername="base_2" frame="4" z_index="17" m_a="1.000000" m_b="0.000000" m_c="0.000000" m_d="1.000000" m_tx="0.000000" m_ty="0.000000"/>
   <element name="assets" layername="base_3" frame="2" z_index="16" m_a="1.000000" m_b="0.000000" m_c="0.000000" m_d="1.000000" m_tx="0.000000" m_ty="0.000000"/>
   <element name="assets" layername="base_4" frame="5" z_index="15" m_a="-0.000000" m_b="-1.000000" m_c="1.000000" m_d="-0.000000" m_tx="0.910931" m_ty="-2.125506"/>
   <element name="assets" layername="base_5" frame="6" z_index="14" m_a="1.000000" m_b="0.000000" m_c="0.000000" m_d="1.000000" m_tx="0.000000" m_ty="0.000000"/>
   <element name="assets" layername="base_6" frame="1" z_index="13" m_a="1.000000" m_b="0.000000" m_c="0.000000" m_d="1.000000" m_tx="0.000000" m_ty="0.000000"/>
  </frame>
  <frame idx="475" w="96" h="131" x="-8.000000" y="-55.495724">
   <element name="assets" layername="base" frame="3" z_index="18" m_a="1.000000" m_b="0.000000" m_c="0.000000" m_d="1.000000" m_tx="0.000000" m_ty="0.000000"/>
   <element name="assets" layername="base_2" frame="4" z_index="17" m_a="1.000000" m_b="0.000000" m_c="0.000000" m_d="1.000000" m_tx="0.000000" m_ty="0.000000"/>
   <element name="assets" layername="base_3" frame="2" z_index="16" m_a="1.000000" m_b="0.000000" m_c="0.000000" m_d="1.000000" m_tx="0.000000" m_ty="0.000000"/>
   <element name="assets" layername="base_4" frame="5" z_index="15" m_a="0.258819" m_b="-0.965926" m_c="0.965926" m_d="0.258819" m_tx="0.759109" m_ty="-1.771255"/>
   <element name="assets" layername="base_5" frame="6" z_index="14" m_a="1.000000" m_b="0.000000" m_c="0.000000" m_d="1.000000" m_tx="0.000000" m_ty="0.000000"/>
   <element name="assets" layername="base_6" frame="1" z_index="13" m_a="1.000000" m_b="0.000000" m_c="0.000000" m_d="1.000000" m_tx="0.000000" m_ty="0.000000"/>
  </frame>
  <frame idx="500" w="107" h="105" x="-9.000000" y="-31.818344">
   <element name="assets" layername="base" frame="3" z_index="18" m_a="1.000000" m_b="0.000000" m_c="0.000000" m_d="1.000000" m_tx="0.000000" m_ty="0.000000"/>
   <element name="assets" layername="base_2" frame="4" z_index="17" m_a="1.000000" m_b="0.000000" m_c="0.000000" m_d="1.000000" m_tx="0.000000" m_ty="0.000000"/>
   <element name="assets" layername="base_3" frame="2" z_index="16" m_a="1.000000" m_b="0.000000" m_c="0.000000" m_d="1.000000" m_tx="0.000000" m_ty="0.000000"/>
   <element name="assets" layername="base_4" frame="5" z_index="15" m_a="0.500000" m_b="-0.866025" m_c="0.866025" m_d="0.500000" m_tx="0.607287" m_ty="-1.417004"/>
   <element name="assets" layername="base_5" frame="6" z_index="14" m_a="1.000000" m_b="0.000000" m_c="0.000000" m_d="1.000000" m_tx="0.000000" m_ty="0.000000"/>
   <element name="assets" layername="base_6" frame="1" z_index="13" m_a="1.000000" m_b="0.000000" m_c="0.000000" m_d="1.000000" m_tx="0.000000" m_ty="0.000000"/>
  </frame>
  <frame idx="525" w="110" h="80" x="-9.500000" y="-8.062753">
   <element name="assets" layername="base" frame="3" z_index="18" m_a="1.000000" m_b="0.000000" m_c="0.000000" m_d="1.000000" m_tx="0.000000" m_ty="0.000000"/>
   <element name="assets" layername="base_2" frame="4" z_index="17" m_a="1.000000" m_b="0.000000" m_c="0.000000" m_d="1.000000" m_tx="0.000000" m_ty="0.000000"/>
   <element name="assets" layername="base_3" frame="2" z_index="16" m_a="1.000000" m_b="0.000000" m_c="0.000000" m_d="1.000000" m_tx="0.000000" m_ty="0.000000"/>
   <element name="assets" layername="base_4" frame="5" z_index="15" m_a="0.707107" m_b="-0.707107" m_c="0.707107" m_d="0.707107" m_tx="0.455465" m_ty="-1.062753"/>
   <element name="assets" layername="base_5" frame="6" z_index="14" m_a="1.000000" m_b="0.000000" m_c="0.000000" m_d="1.000000" m_tx="0.000000" m_ty="0.000000"/>
   <element name="assets" layername="base_6" frame="1" z_index="13" m_a="1.000000" m_b="0.000000" m_c="0.000000" m_d="1.000000" m_tx="0.000000" m_ty="0.000000"/>
  </frame>
  <frame idx="550" w="106" h="78" x="-9.000000" y="-7.208502">
   <element name="assets" layername="base" frame="3" z_index="18" m_a="1.000000" m_b="0.000000" m_c="0.000000" m_d="1.000000" m_tx="0.000000" m_ty="0.000000"/>
   <element name="assets" layername="base_2" frame="4" z_index="17" m_a="1.000000" m_b="0.000000" m_c="0.000000" m_d="1.000000" m_tx="0.000000" m_ty="0.000000"/>
   <element name="assets" layername="base_3" frame="2" z_index="16" m_a="1.000000" m_b="0.000000" m_c="0.000000" m_d="1.000000" m_tx="0.000000" m_ty="0.000000"/>
   <element name="assets" layername="base_4" frame="5" z_index="15" m_a="0.866025" m_b="-0.500000" m_c="0.500000" m_d="0.866025" m_tx="0.303644" m_ty="-0.708502"/>
   <element name="assets" layername="base_5" frame="6" z_index="14" m_a="1.000000" m_b="0.000000" m_c="0.000000" m_d="1.000000" m_tx="0.000000" m_ty="0.000000"/>
   <element name="assets" layername="base_6" frame="1" z_index="13" m_a="1.000000" m_b="0.000000" m_c="0.000000" m_d="1.000000" m_tx="0.000000" m_ty="0.000000"/>
  </frame>
  <frame idx="575" w="95" h="78" x="-8.000000" y="-6.854251">
   <element name="assets" layername="base" frame="3" z_index="18" m_a="1.000000" m_b="0.000000" m_c="0.000000" m_d="1.000000" m_tx="0.000000" m_ty="0.000000"/>
   <element name="assets" layername="base_2" frame="4" z_index="17" m_a="1.000000" m_b="0.000000" m_c="0.000000" m_d="1.000000" m_tx="0.000000" m_ty="0.000000"/>
   <element name="assets" layername="base_3" frame="2" z_index="16" m_a="1.000000" m_b="0.000000" m_c="0.000000" m_d="1.000000" m_tx="0.000000" m_ty="0.000000"/>
   <element name="assets" layername="base_4" frame="5" z_index="15" m_a="0.965926" m_b="-0.258819" m_c="0.258819" m_d="0.965926" m_tx="0.151822" m_ty="-0.354251"/>
   <element name="assets" layername="base_5" frame="6" z_index="14" m_a="1.000000" m_b="0.000000" m_c="0.000000" m_d="1.000000" m_tx="0.000000" m_ty="0.000000"/>
   <element name="assets" layername="base_6" frame="1" z_index="13" m_a="1.000000" m_b="0.000000" m_c="0.000000" m_d="1.000000" m_tx="0.000000" m_ty="0.000000"/>
  </frame>
 </anim>
 <anim name="idle_refined" root="voidgem" numframes="600" framerate="40">
  <frame idx="0" w="78" h="80" x="-6.500000" y="-7.759878">
   <element name="assets" layername="base" frame="3" z_index="18" m_a="1.000000" m_b="0.000000" m_c="0.000000" m_d="1.000000" m_tx="0.000000" m_ty="0.000000"/>
   <element name="assets" layername="base_2" frame="8" z_index="17" m_a="1.000000" m_b="0.000000" m_c="0.000000" m_d="1.000000" m_tx="0.000000" m_ty="0.000000"/>
   <element name="assets" layername="base_3" frame="2" z_index="16" m_a="1.000000" m_b="0.000000" m_c="0.000000" m_d="1.000000" m_tx="0.000000" m_ty="0.000000"/>
   <element name="assets" layername="base_4" frame="7" z_index="15" m_a="1.000000" m_b="0.000000" m_c="0.000000" m_d="1.000000" m_tx="0.607903" m_ty="-0.759878"/>
   <element name="assets" layername="base_5" frame="6" z_index="14" m_a="1.000000" m_b="0.000000" m_c="0.000000" m_d="1.000000" m_tx="0.000000" m_ty="0.000000"/>
   <element name="assets" layername="base_6" frame="1" z_index="13" m_a="1.000000" m_b="0.000000" m_c="0.000000" m_d="1.000000" m_tx="0.000000" m_ty="0.000000"/>
  </frame>
  <frame idx="25" w="77" h="95" x="-6.500000" y="-8.737852">
   <element name="assets" layername="base" frame="3" z_index="18" m_a="1.000000" m_b="0.000000" m_c="0.000000" m_d="1.000000" m_tx="0.000000" m_ty="0.000000"/>
   <element name="assets" layername="base_2" frame="8" z_index="17" m_a="1.000000" m_b="0.000000" m_c="0.000000" m_d="1.000000" m_tx="0.000000" m_ty="0.000000"/>
   <element name="assets" layername="base_3" frame="2" z_index="16" m_a="1.000000" m_b="0.000000" m_c="0.000000" m_d="1.000000" m_tx="0.000000" m_ty="0.000000"/>
   <element name="assets" layername="base_4" frame="7" z_index="15" m_a="0.972798" m_b="0.231656" m_c="-0.231656" m_d="0.972798" m_tx="0.364522" m_ty="-0.737853"/>
   <element name="assets" layername="base_5" frame="6" z_index="14" m_a="1.000000" m_b="0.000000" m_c="0.000000" m_d="1.000000" m_tx="0.000000" m_ty="0.000000"/>
   <element name="assets" layername="base_6" frame="1" z_index="13" m_a="1.000000" m_b="0.000000" m_c="0.000000" m_d="1.000000" m_tx="0.000000" m_ty="0.000000"/>
  </frame>
  <frame idx="50" w="77" h="105" x="-6.500000" y="-9.715827">
   <element name="assets" layername="base" frame="3" z_index="18" m_a="1.000000" m_b="0.000000" m_c="0.000000" m_d="1.000000" m_tx="0.000000" m_ty="0.000000"/>
   <element name="assets" layername="base_2" frame="8" z_index="17" m_a="1.000000" m_b="0.000000" m_c="0.000000" m_d="1.000000" m_tx="0.000000" m_ty="0.000000"/>
   <element name="assets" layername="base_3" frame="2" z_index="16" m_a="1.000000" m_b="0.000000" m_c="0.000000" m_d="1.000000" m_tx="0.000000" m_ty="0.000000"/>
   <element name="assets" layername="base_4" frame="7" z_index="15" m_a="0.892671" m_b="0.450708" m_c="-0.450708" m_d="0.892671" m_tx="0.121140" m_ty="-0.715827"/>
   <element name="assets" layername="base_5" frame="6" z_index="14" m_a="1.000000" m_b="0.000000" m_c="0.000000" m_d="1.000000" m_tx="0.000000" m_ty="0.000000"/>
   <element name="assets" layername="base_6" frame="1" z_index="13" m_a="1.000000" m_b="0.000000" m_c="0.000000" m_d="1.000000" m_tx="0.000000" m_ty="0.000000"/>
  </frame>
  <frame idx="75" w="78" h="110" x="-6.622241" y="-10.193802">
   <element name="assets" layername="base" frame="3" z_index="18" m_a="1.000000" m_b="0.000000" m_c="0.000000" m_d="1.000000" m_tx="0.000000" m_ty="0.000000"/>
   <element name="assets" layername="base_2" frame="8" z_index="17" m_a="1.000000" m_b="0.000000" m_c="0.000000" m_d="1.000000" m_tx="0.000000" m_ty="0.000000"/>
   <element name="assets" layername="base_3" frame="2" z_index="16" m_a="1.000000" m_b="0.000000" m_c="0.000000" m_d="1.000000" m_tx="0.000000" m_ty="0.000000"/>
   <element name="assets" layername="base_4" frame="7" z_index="15" m_a="0.763980" m_b="0.645240" m_c="-0.645240" m_d="0.763980" m_tx="-0.122241" m_ty="-0.693802"/>
   <element name="assets" layername="base_5" frame="6" z_index="14" m_a="1.000000" m_b="0.000000" m_c="0.000000" m_d="1.000000" m_tx="0.000000" m_ty="0.000000"/>
   <element name="assets" layername="base_6" frame="1" z_index="13" m_a="1.000000" m_b="0.000000" m_c="0.000000" m_d="1.000000" m_tx="0.000000" m_ty="0.000000"/>
  </frame>
  <frame idx="100" w="94" h="109" x="-21.866039" y="-10.171776">
   <element name="assets" layername="base" frame="3" z_index="18" m_a="1.000000" m_b="0.000000" m_c="0.000000" m_d="1.000000" m_tx="0.000000" m_ty="0.000000"/>
   <element name="assets" layername="base_2" frame="8" z_index="17" m_a="1.000000" m_b="0.000000" m_c="0.000000" m_d="1.000000" m_tx="0.000000" m_ty="0.000000"/>
   <element name="assets" layername="base_3" frame="2" z_index="16" m_a="1.000000" m_b="0.000000" m_c="0.000000" m_d="1.000000" m_tx="0.000000" m_ty="0.000000"/>
   <element name="assets" layername="base_4" frame="7" z_index="15" m_a="0.593724" m_b="0.804668" m_c="-0.804668" m_d="0.593724" m_tx="-0.365622" m_ty="-0.671776"/>
   <element name="assets" layername="base_5" frame="6" z_index="14" m_a="1.000000" m_b="0.000000" m_c="0.000000" m_d="1.000000" m_tx="0.000000" m_ty="0.000000"/>
   <element name="assets" layername="base_6" frame="1" z_index="13" m_a="1.000000" m_b="0.000000" m_c="0.000000" m_d="1.000000" m_tx="0.000000" m_ty="0.000000"/>
  </frame>
  <frame idx="125" w="119" h="101" x="-44.474697" y="-9.149751">
   <element name="assets" layername="base" frame="3" z_index="18" m_a="1.000000" m_b="0.000000" m_c="0.000000" m_d="1.000000" m_tx="0.000000" m_ty="0.000000"/>
   <element name="assets" layername="base_2" frame="8" z_index="17" m_a="1.000000" m_b="0.000000" m_c="0.000000" m_d="1.000000" m_tx="0.000000" m_ty="0.000000"/>
   <element name="assets" layername="base_3" frame="2" z_index="16" m_a="1.000000" m_b="0.000000" m_c="0.000000" m_d="1.000000" m_tx="0.000000" m_ty="0.000000"/>
   <element name="assets" layername="base_4" frame="7" z_index="15" m_a="0.391168" m_b="0.920319" m_c="-0.920319" m_d="0.391168" m_tx="-0.609004" m_ty="-0.649751"/>
   <element name="assets" layername="base_5" frame="6" z_index="14" m_a="1.000000" m_b="0.000000" m_c="0.000000" m_d="1.000000" m_tx="0.000000" m_ty="0.000000"/>
   <element name="assets" layername="base_6" frame="1" z_index="13" m_a="1.000000" m_b="0.000000" m_c="0.000000" m_d="1.000000" m_tx="0.000000" m_ty="0.000000"/>
  </frame>
  <frame idx="150" w="142" h="89" x="-65.240913" y="-8.127726">
   <element name="assets" layername="base" frame="3" z_index="18" m_a="1.000000" m_b="0.000000" m_c="0.000000" m_d="1.000000" m_tx="0.000000" m_ty="0.000000"/>
   <element name="assets" layername="base_2" frame="8" z_index="17" m_a="1.000000" m_b="0.000000" m_c="0.000000" m_d="1.000000" m_tx="0.000000" m_ty="0.000000"/>
   <element name="assets" layername="base_3" frame="2" z_index="16" m_a="1.000000" m_b="0.000000" m_c="0.000000" m_d="1.000000" m_tx="0.000000" m_ty="0.000000"/>
   <element name="assets" layername="base_4" frame="7" z_index="15" m_a="0.167330" m_b="0.985901" m_c="-0.985901" m_d="0.167330" m_tx="-0.852385" m_ty="-0.627725"/>
   <element name="assets" layername="base_5" frame="6" z_index="14" m_a="1.000000" m_b="0.000000" m_c="0.000000" m_d="1.000000" m_tx="0.000000" m_ty="0.000000"/>
   <element name="assets" layername="base_6" frame="1" z_index="13" m_a="1.000000" m_b="0.000000" m_c="0.000000" m_d="1.000000" m_tx="0.000000" m_ty="0.000000"/>
  </frame>
  <frame idx="175" w="161" h="78" x="-82.656967" y="-7.105700">
   <element name="assets" layername="base" frame="3" z_index="18" m_a="1.000000" m_b="0.000000" m_c="0.000000" m_d="1.000000" m_tx="0.000000" m_ty="0.000000"/>
   <element name="assets" layername="base_2" frame="8" z_index="17" m_a="1.000000" m_b="0.000000" m_c="0.000000" m_d="1.000000" m_tx="0.000000" m_ty="0.000000"/>
   <element name="assets" layername="base_3" frame="2" z_index="16" m_a="1.000000" m_b="0.000000" m_c="0.000000" m_d="1.000000" m_tx="0.000000" m_ty="0.000000"/>
   <element name="assets" layername="base_4" frame="7" z_index="15" m_a="-0.065611" m_b="0.997845" m_c="-0.997845" m_d="-0.065611" m_tx="-1.095766" m_ty="-0.605700"/>
   <element name="assets" layername="base_5" frame="6" z_index="14" m_a="1.000000" m_b="0.000000" m_c="0.000000" m_d="1.000000" m_tx="0.000000" m_ty="0.000000"/>
   <element name="assets" layername="base_6" frame="1" z_index="13" m_a="1.000000" m_b="0.000000" m_c="0.000000" m_d="1.000000" m_tx="0.000000" m_ty="0.000000"/>
  </frame>
  <frame idx="200" w="176" h="78" x="-96.370201" y="-7.083674">
   <element name="assets" layername="base" frame="3" z_index="18" m_a="1.000000" m_b="0.000000" m_c="0.000000" m_d="1.000000" m_tx="0.000000" m_ty="0.000000"/>
   <element name="assets" layername="base_2" frame="8" z_index="17" m_a="1.000000" m_b="0.000000" m_c="0.000000" m_d="1.000000" m_tx="0.000000" m_ty="0.000000"/>
   <element name="assets" layername="base_3" frame="2" z_index="16" m_a="1.000000" m_b="0.000000" m_c="0.000000" m_d="1.000000" m_tx="0.000000" m_ty="0.000000"/>
   <element name="assets" layername="base_4" frame="7" z_index="15" m_a="-0.294983" m_b="0.955503" m_c="-0.955503" m_d="-0.294983" m_tx="-1.339148" m_ty="-0.583674"/>
   <element name="assets" layername="base_5" frame="6" z_index="14" m_a="1.000000" m_b="0.000000" m_c="0.000000" m_d="1.000000" m_tx="0.000000" m_ty="0.000000"/>
   <element name="assets" layername="base_6" frame="1" z_index="13" m_a="1.000000" m_b="0.000000" m_c="0.000000" m_d="1.000000" m_tx="0.000000" m_ty="0.000000"/>
  </frame>
  <frame idx="225" w="185" h="78" x="-104.729416" y="-7.061649">
   <element name="assets" layername="base" frame="3" z_index="18" m_a="1.000000" m_b="0.000000" m_c="0.000000" m_d="1.000000" m_tx="0.000000" m_ty="0.000000"/>
   <element name="assets" layername="base_2" frame="8" z_index="17" m_a="1.000000" m_b="0.000000" m_c="0.000000" m_d="1.000000" m_tx="0.000000" m_ty="0.000000"/>
   <element name="assets" layername="base_3" frame="2" z_index="16" m_a="1.000000" m_b="0.000000" m_c="0.000000" m_d="1.000000" m_tx="0.000000" m_ty="0.000000"/>
   <element name="assets" layername="base_4" frame="7" z_index="15" m_a="-0.508306" m_b="0.861176" m_c="-0.861176" m_d="-0.508306" m_tx="-1.582529" m_ty="-0.561649"/>
   <element name="assets" layername="base_5" frame="6" z_index="14" m_a="1.000000" m_b="0.000000" m_c="0.000000" m_d="1.000000" m_tx="0.000000" m_ty="0.000000"/>
   <element name="assets" layername="base_6" frame="1" z_index="13" m_a="1.000000" m_b="0.000000" m_c="0.000000" m_d="1.000000" m_tx="0.000000" m_ty="0.000000"/>
  </frame>
  <frame idx="250" w="189" h="78" x="-108.320251" y="-7.039623">
   <element name="assets" layername="base" frame="3" z_index="18" m_a="1.000000" m_b="0.000000" m_c="0.000000" m_d="1.000000" m_tx="0.000000" m_ty="0.000000"/>
   <element name="assets" layername="base_2" frame="8" z_index="17" m_a="1.000000" m_b="0.000000" m_c="0.000000" m_d="1.000000" m_tx="0.000000" m_ty="0.000000"/>
   <element name="assets" layername="base_3" frame="2" z_index="16" m_a="1.000000" m_b="0.000000" m_c="0.000000" m_d="1.000000" m_tx="0.000000" m_ty="0.000000"/>
   <element name="assets" layername="base_4" frame="7" z_index="15" m_a="-0.693975" m_b="0.719999" m_c="-0.719999" m_d="-0.693975" m_tx="-1.825910" m_ty="-0.539623"/>
   <element name="assets" layername="base_5" frame="6" z_index="14" m_a="1.000000" m_b="0.000000" m_c="0.000000" m_d="1.000000" m_tx="0.000000" m_ty="0.000000"/>
   <element name="assets" layername="base_6" frame="1" z_index="13" m_a="1.000000" m_b="0.000000" m_c="0.000000" m_d="1.000000" m_tx="0.000000" m_ty="0.000000"/>
  </frame>
  <frame idx="275" w="186" h="104" x="-105.987816" y="-30.412622">
   <element name="assets" layername="base" frame="3" z_index="18" m_a="1.000000" m_b="0.000000" m_c="0.000000" m_d="1.000000" m_tx="0.000000" m_ty="0.000000"/>
   <element name="assets" layername="base_2" frame="8" z_index="17" m_a="1.000000" m_b="0.000000" m_c="0.000000" m_d="1.000000" m_tx="0.000000" m_ty="0.000000"/>
   <element name="assets" layername="base_3" frame="2" z_index="16" m_a="1.000000" m_b="0.000000" m_c="0.000000" m_d="1.000000" m_tx="0.000000" m_ty="0.000000"/>
   <element name="assets" layername="base_4" frame="7" z_index="15" m_a="-0.841890" m_b="0.539650" m_c="-0.539650" m_d="-0.841890" m_tx="-2.069292" m_ty="-0.517598"/>
   <element name="assets" layername="base_5" frame="6" z_index="14" m_a="1.000000" m_b="0.000000" m_c="0.000000" m_d="1.000000" m_tx="0.000000" m_ty="0.000000"/>
   <element name="assets" layername="base_6" frame="1" z_index="13" m_a="1.000000" m_b="0.000000" m_c="0.000000" m_d="1.000000" m_tx="0.000000" m_ty="0.000000"/>
  </frame>
  <frame idx="300" w="174" h="134" x="-94.937569" y="-58.206329">
   <element name="assets" layername="base" frame="3" z_index="18" m_a="1.000000" m_b="0.000000" m_c="0.000000" m_d="1.000000" m_tx="0.000000" m_ty="0.000000"/>
   <element name="assets" layername="base_2" frame="8" z_index="17" m_a="1.000000" m_b="0.000000" m_c="0.000000" m_d="1.000000" m_tx="0.000000" m_ty="0.000000"/>
   <element name="assets" layername="base_3" frame="2" z_index="16" m_a="1.000000" m_b="0.000000" m_c="0.000000" m_d="1.000000" m_tx="0.000000" m_ty="0.000000"/>
   <element name="assets" layername="base_4" frame="7" z_index="15" m_a="-0.964652" m_b="0.263525" m_c="-0.263525" m_d="-0.964652" m_tx="-1.834189" m_ty="-0.906613"/>
   <element name="assets" layername="base_5" frame="6" z_index="14" m_a="1.000000" m_b="0.000000" m_c="0.000000" m_d="1.000000" m_tx="0.000000" m_ty="0.000000"/>
   <element name="assets" layername="base_6" frame="1" z_index="13" m_a="1.000000" m_b="0.000000" m_c="0.000000" m_d="1.000000" m_tx="0.000000" m_ty="0.000000"/>
  </frame>
  <frame idx="325" w="153" h="160" x="-75.997215" y="-81.560883">
   <element name="assets" layername="base" frame="3" z_index="18" m_a="1.000000" m_b="0.000000" m_c="0.000000" m_d="1.000000" m_tx="0.000000" m_ty="0.000000"/>
   <element name="assets" layername="base_2" frame="8" z_index="17" m_a="1.000000" m_b="0.000000" m_c="0.000000" m_d="1.000000" m_tx="0.000000" m_ty="0.000000"/>
   <element name="assets" layername="base_3" frame="2" z_index="16" m_a="1.000000" m_b="0.000000" m_c="0.000000" m_d="1.000000" m_tx="0.000000" m_ty="0.000000"/>
   <element name="assets" layername="base_4" frame="7" z_index="15" m_a="-0.999217" m_b="-0.039560" m_c="0.039560" m_d="-0.999217" m_tx="-1.579149" m_ty="-1.312755"/>
   <element name="assets" layername="base_5" frame="6" z_index="14" m_a="1.000000" m_b="0.000000" m_c="0.000000" m_d="1.000000" m_tx="0.000000" m_ty="0.000000"/>
   <element name="assets" layername="base_6" frame="1" z_index="13" m_a="1.000000" m_b="0.000000" m_c="0.000000" m_d="1.000000" m_tx="0.000000" m_ty="0.000000"/>
  </frame>
  <frame idx="350" w="125" h="178" x="-50.341583" y="-98.228958">
   <element name="assets" layername="base" frame="3" z_index="18" m_a="1.000000" m_b="0.000000" m_c="0.000000" m_d="1.000000" m_tx="0.000000" m_ty="0.000000"/>
   <element name="assets" layername="base_2" frame="8" z_index="17" m_a="1.000000" m_b="0.000000" m_c="0.000000" m_d="1.000000" m_tx="0.000000" m_ty="0.000000"/>
   <element name="assets" layername="base_3" frame="2" z_index="16" m_a="1.000000" m_b="0.000000" m_c="0.000000" m_d="1.000000" m_tx="0.000000" m_ty="0.000000"/>
   <element name="assets" layername="base_4" frame="7" z_index="15" m_a="-0.940799" m_b="-0.338964" m_c="0.338964" m_d="-0.940799" m_tx="-1.324110" m_ty="-1.718897"/>
   <element name="assets" layername="base_5" frame="6" z_index="14" m_a="1.000000" m_b="0.000000" m_c="0.000000" m_d="1.000000" m_tx="0.000000" m_ty="0.000000"/>
   <element name="assets" layername="base_6" frame="1" z_index="13" m_a="1.000000" m_b="0.000000" m_c="0.000000" m_d="1.000000" m_tx="0.000000" m_ty="0.000000"/>
  </frame>
  <frame idx="375" w="94" h="186" x="-21.101673" y="-106.275352">
   <element name="assets" layername="base" frame="3" z_index="18" m_a="1.000000" m_b="0.000000" m_c="0.000000" m_d="1.000000" m_tx="0.000000" m_ty="0.000000"/>
   <element name="assets" layername="base_2" frame="8" z_index="17" m_a="1.000000" m_b="0.000000" m_c="0.000000" m_d="1.000000" m_tx="0.000000" m_ty="0.000000"/>
   <element name="assets" layername="base_3" frame="2" z_index="16" m_a="1.000000" m_b="0.000000" m_c="0.000000" m_d="1.000000" m_tx="0.000000" m_ty="0.000000"/>
   <element name="assets" layername="base_4" frame="7" z_index="15" m_a="-0.794835" m_b="-0.606826" m_c="0.606826" m_d="-0.794835" m_tx="-1.069070" m_ty="-2.125039"/>
   <element name="assets" layername="base_5" frame="6" z_index="14" m_a="1.000000" m_b="0.000000" m_c="0.000000" m_d="1.000000" m_tx="0.000000" m_ty="0.000000"/>
   <element name="assets" layername="base_6" frame="1" z_index="13" m_a="1.000000" m_b="0.000000" m_c="0.000000" m_d="1.000000" m_tx="0.000000" m_ty="0.000000"/>
  </frame>
  <frame idx="400" w="78" h="185" x="-7.314030" y="-105.474083">
   <element name="assets" layername="base" frame="3" z_index="18" m_a="1.000000" m_b="0.000000" m_c="0.000000" m_d="1.000000" m_tx="0.000000" m_ty="0.000000"/>
   <element name="assets" layername="base_2" frame="8" z_index="17" m_a="1.000000" m_b="0.000000" m_c="0.000000" m_d="1.000000" m_tx="0.000000" m_ty="0.000000"/>
   <element name="assets" layername="base_3" frame="2" z_index="16" m_a="1.000000" m_b="0.000000" m_c="0.000000" m_d="1.000000" m_tx="0.000000" m_ty="0.000000"/>
   <element name="assets" layername="base_4" frame="7" z_index="15" m_a="-0.574907" m_b="-0.818219" m_c="0.818219" m_d="-0.574907" m_tx="-0.814030" m_ty="-2.531181"/>
   <element name="assets" layername="base_5" frame="6" z_index="14" m_a="1.000000" m_b="0.000000" m_c="0.000000" m_d="1.000000" m_tx="0.000000" m_ty="0.000000"/>
   <element name="assets" layername="base_6" frame="1" z_index="13" m_a="1.000000" m_b="0.000000" m_c="0.000000" m_d="1.000000" m_tx="0.000000" m_ty="0.000000"/>
  </frame>
  <frame idx="425" w="78" h="174" x="-7.058990" y="-95.375992">
   <element name="assets" layername="base" frame="3" z_index="18" m_a="1.000000" m_b="0.000000" m_c="0.000000" m_d="1.000000" m_tx="0.000000" m_ty="0.000000"/>
   <element name="assets" layername="base_2" frame="8" z_index="17" m_a="1.000000" m_b="0.000000" m_c="0.000000" m_d="1.000000" m_tx="0.000000" m_ty="0.000000"/>
   <element name="assets" layername="base_3" frame="2" z_index="16" m_a="1.000000" m_b="0.000000" m_c="0.000000" m_d="1.000000" m_tx="0.000000" m_ty="0.000000"/>
   <element name="assets" layername="base_4" frame="7" z_index="15" m_a="-0.301481" m_b="-0.953472" m_c="0.953472" m_d="-0.301481" m_tx="-0.558991" m_ty="-2.937323"/>
   <element name="assets" layername="base_5" frame="6" z_index="14" m_a="1.000000" m_b="0.000000" m_c="0.000000" m_d="1.000000" m_tx="0.000000" m_ty="0.000000"/>
   <element name="assets" layername="base_6" frame="1" z_index="13" m_a="1.000000" m_b="0.000000" m_c="0.000000" m_d="1.000000" m_tx="0.000000" m_ty="0.000000"/>
  </frame>
  <frame idx="450" w="78" h="155" x="-6.803951" y="-77.303955">
   <element name="assets" layername="base" frame="3" z_index="18" m_a="1.000000" m_b="0.000000" m_c="0.000000" m_d="1.000000" m_tx="0.000000" m_ty="0.000000"/>
   <element name="assets" layername="base_2" frame="8" z_index="17" m_a="1.000000" m_b="0.000000" m_c="0.000000" m_d="1.000000" m_tx="0.000000" m_ty="0.000000"/>
   <element name="assets" layername="base_3" frame="2" z_index="16" m_a="1.000000" m_b="0.000000" m_c="0.000000" m_d="1.000000" m_tx="0.000000" m_ty="0.000000"/>
   <element name="assets" layername="base_4" frame="7" z_index="15" m_a="-0.000000" m_b="-1.000000" m_c="1.000000" m_d="-0.000000" m_tx="-0.303951" m_ty="-3.343465"/>
   <element name="assets" layername="base_5" frame="6" z_index="14" m_a="1.000000" m_b="0.000000" m_c="0.000000" m_d="1.000000" m_tx="0.000000" m_ty="0.000000"/>
   <element name="assets" layername="base_6" frame="1" z_index="13" m_a="1.000000" m_b="0.000000" m_c="0.000000" m_d="1.000000" m_tx="0.000000" m_ty="0.000000"/>
  </frame>
  <frame idx="475" w="95" h="132" x="-8.151976" y="-56.406807">
   <element name="assets" layername="base" frame="3" z_index="18" m_a="1.000000" m_b="0.000000" m_c="0.000000" m_d="1.000000" m_tx="0.000000" m_ty="0.000000"/>
   <element name="assets" layername="base_2" frame="8" z_index="17" m_a="1.000000" m_b="0.000000" m_c="0.000000" m_d="1.000000" m_tx="0.000000" m_ty="0.000000"/>
   <element name="assets" layername="base_3" frame="2" z_index="16" m_a="1.000000" m_b="0.000000" m_c="0.000000" m_d="1.000000" m_tx="0.000000" m_ty="0.000000"/>
   <element name="assets" layername="base_4" frame="7" z_index="15" m_a="0.258819" m_b="-0.965926" m_c="0.965926" m_d="0.258819" m_tx="-0.151975" m_ty="-2.912867"/>
   <element name="assets" layername="base_5" frame="6" z_index="14" m_a="1.000000" m_b="0.000000" m_c="0.000000" m_d="1.000000" m_tx="0.000000" m_ty="0.000000"/>
   <element name="assets" layername="base_6" frame="1" z_index="13" m_a="1.000000" m_b="0.000000" m_c="0.000000" m_d="1.000000" m_tx="0.000000" m_ty="0.000000"/>
  </frame>
  <frame idx="500" w="106" h="106" x="-9.000000" y="-32.425629">
   <element name="assets" layername="base" frame="3" z_index="18" m_a="1.000000" m_b="0.000000" m_c="0.000000" m_d="1.000000" m_tx="0.000000" m_ty="0.000000"/>
   <element name="assets" layername="base_2" frame="8" z_index="17" m_a="1.000000" m_b="0.000000" m_c="0.000000" m_d="1.000000" m_tx="0.000000" m_ty="0.000000"/>
   <element name="assets" layername="base_3" frame="2" z_index="16" m_a="1.000000" m_b="0.000000" m_c="0.000000" m_d="1.000000" m_tx="0.000000" m_ty="0.000000"/>
   <element name="assets" layername="base_4" frame="7" z_index="15" m_a="0.500000" m_b="-0.866025" m_c="0.866025" m_d="0.500000" m_tx="0.000000" m_ty="-2.482269"/>
   <element name="assets" layername="base_5" frame="6" z_index="14" m_a="1.000000" m_b="0.000000" m_c="0.000000" m_d="1.000000" m_tx="0.000000" m_ty="0.000000"/>
   <element name="assets" layername="base_6" frame="1" z_index="13" m_a="1.000000" m_b="0.000000" m_c="0.000000" m_d="1.000000" m_tx="0.000000" m_ty="0.000000"/>
  </frame>
  <frame idx="525" w="110" h="81" x="-9.500000" y="-9.051672">
   <element name="assets" layername="base" frame="3" z_index="18" m_a="1.000000" m_b="0.000000" m_c="0.000000" m_d="1.000000" m_tx="0.000000" m_ty="0.000000"/>
   <element name="assets" layername="base_2" frame="8" z_index="17" m_a="1.000000" m_b="0.000000" m_c="0.000000" m_d="1.000000" m_tx="0.000000" m_ty="0.000000"/>
   <element name="assets" layername="base_3" frame="2" z_index="16" m_a="1.000000" m_b="0.000000" m_c="0.000000" m_d="1.000000" m_tx="0.000000" m_ty="0.000000"/>
   <element name="assets" layername="base_4" frame="7" z_index="15" m_a="0.707107" m_b="-0.707107" m_c="0.707107" m_d="0.707107" m_tx="0.151976" m_ty="-2.051672"/>
   <element name="assets" layername="base_5" frame="6" z_index="14" m_a="1.000000" m_b="0.000000" m_c="0.000000" m_d="1.000000" m_tx="0.000000" m_ty="0.000000"/>
   <element name="assets" layername="base_6" frame="1" z_index="13" m_a="1.000000" m_b="0.000000" m_c="0.000000" m_d="1.000000" m_tx="0.000000" m_ty="0.000000"/>
  </frame>
  <frame idx="550" w="106" h="80" x="-9.000000" y="-8.621074">
   <element name="assets" layername="base" frame="3" z_index="18" m_a="1.000000" m_b="0.000000" m_c="0.000000" m_d="1.000000" m_tx="0.000000" m_ty="0.000000"/>
   <element name="assets" layername="base_2" frame="8" z_index="17" m_a="1.000000" m_b="0.000000" m_c="0.000000" m_d="1.000000" m_tx="0.000000" m_ty="0.000000"/>
   <element name="assets" layername="base_3" frame="2" z_index="16" m_a="1.000000" m_b="0.000000" m_c="0.000000" m_d="1.000000" m_tx="0.000000" m_ty="0.000000"/>
   <element name="assets" layername="base_4" frame="7" z_index="15" m_a="0.866025" m_b="-0.500000" m_c="0.500000" m_d="0.866025" m_tx="0.303952" m_ty="-1.621074"/>
   <element name="assets" layername="base_5" frame="6" z_index="14" m_a="1.000000" m_b="0.000000" m_c="0.000000" m_d="1.000000" m_tx="0.000000" m_ty="0.000000"/>
   <element name="assets" layername="base_6" frame="1" z_index="13" m_a="1.000000" m_b="0.000000" m_c="0.000000" m_d="1.000000" m_tx="0.000000" m_ty="0.000000"/>
  </frame>
  <frame idx="575" w="95" h="80" x="-8.000000" y="-8.190475">
   <element name="assets" layername="base" frame="3" z_index="18" m_a="1.000000" m_b="0.000000" m_c="0.000000" m_d="1.000000" m_tx="0.000000" m_ty="0.000000"/>
   <element name="assets" layername="base_2" frame="8" z_index="17" m_a="1.000000" m_b="0.000000" m_c="0.000000" m_d="1.000000" m_tx="0.000000" m_ty="0.000000"/>
   <element name="assets" layername="base_3" frame="2" z_index="16" m_a="1.000000" m_b="0.000000" m_c="0.000000" m_d="1.000000" m_tx="0.000000" m_ty="0.000000"/>
   <element name="assets" layername="base_4" frame="7" z_index="15" m_a="0.965926" m_b="-0.258819" m_c="0.258819" m_d="0.965926" m_tx="0.455927" m_ty="-1.190476"/>
   <element name="assets" layername="base_5" frame="6" z_index="14" m_a="1.000000" m_b="0.000000" m_c="0.000000" m_d="1.000000" m_tx="0.000000" m_ty="0.000000"/>
   <element name="assets" layername="base_6" frame="1" z_index="13" m_a="1.000000" m_b="0.000000" m_c="0.000000" m_d="1.000000" m_tx="0.000000" m_ty="0.000000"/>
  </frame>
 </anim>
 <anim name="idle_purified" root="voidgem" numframes="600" framerate="40">
  <frame idx="0" w="78" h="80" x="-6.500000" y="-7.759878">
   <element name="assets" layername="base" frame="3" z_index="18" m_a="1.000000" m_b="0.000000" m_c="0.000000" m_d="1.000000" m_tx="0.000000" m_ty="0.000000"/>
   <element name="assets" layername="base_2" frame="9" z_index="17" m_a="1.000000" m_b="0.000000" m_c="0.000000" m_d="1.000000" m_tx="0.000000" m_ty="0.000000"/>
   <element name="assets" layername="base_3" frame="11" z_index="16" m_a="1.000000" m_b="0.000000" m_c="0.000000" m_d="1.000000" m_tx="0.000000" m_ty="0.000000"/>
   <element name="assets" layername="base_4" frame="10" z_index="15" m_a="1.000000" m_b="0.000000" m_c="0.000000" m_d="1.000000" m_tx="0.607903" m_ty="-0.759878"/>
   <element name="assets" layername="base_5" frame="6" z_index="14" m_a="1.000000" m_b="0.000000" m_c="0.000000" m_d="1.000000" m_tx="0.000000" m_ty="0.000000"/>
   <element name="assets" layername="base_6" frame="1" z_index="13" m_a="1.000000" m_b="0.000000" m_c="0.000000" m_d="1.000000" m_tx="0.000000" m_ty="0.000000"/>
  </frame>
  <frame idx="25" w="77" h="95" x="-6.500000" y="-8.737852">
   <element name="assets" layername="base" frame="3" z_index="18" m_a="1.000000" m_b="0.000000" m_c="0.000000" m_d="1.000000" m_tx="0.000000" m_ty="0.000000"/>
   <element name="assets" layername="base_2" frame="9" z_index="17" m_a="1.000000" m_b="0.000000" m_c="0.000000" m_d="1.000000" m_tx="0.000000" m_ty="0.000000"/>
   <element name="assets" layername="base_3" frame="11" z_index="16" m_a="1.000000" m_b="0.000000" m_c="0.000000" m_d="1.000000" m_tx="0.000000" m_ty="0.000000"/>
   <element name="assets" layername="base_4" frame="10" z_index="15" m_a="0.972798" m_b="0.231656" m_c="-0.231656" m_d="0.972798" m_tx="0.364522" m_ty="-0.737853"/>
   <element name="assets" layername="base_5" frame="6" z_index="14" m_a="1.000000" m_b="0.000000" m_c="0.000000" m_d="1.000000" m_tx="0.000000" m_ty="0.000000"/>
   <element name="assets" layername="base_6" frame="1" z_index="13" m_a="1.000000" m_b="0.000000" m_c="0.000000" m_d="1.000000" m_tx="0.000000" m_ty="0.000000"/>
  </frame>
  <frame idx="50" w="77" h="105" x="-6.500000" y="-9.715827">
   <element name="assets" layername="base" frame="3" z_index="18" m_a="1.000000" m_b="0.000000" m_c="0.000000" m_d="1.000000" m_tx="0.000000" m_ty="0.000000"/>
   <element name="assets" layername="base_2" frame="9" z_index="17" m_a="1.000000" m_b="0.000000" m_c="0.000000" m_d="1.000000" m_tx="0.000000" m_ty="0.000000"/>
   <element name="assets" layername="base_3" frame="11" z_index="16" m_a="1.000000" m_b="0.000000" m_c="0.000000" m_d="1.000000" m_tx="0.000000" m_ty="0.000000"/>
   <element name="assets" layername="base_4" frame="10" z_index="15" m_a="0.892671" m_b="0.450708" m_c="-0.450708" m_d="0.892671" m_tx="0.121140" m_ty="-0.715827"/>
   <element name="assets" layername="base_5" frame="6" z_index="14" m_a="1.000000" m_b="0.000000" m_c="0.000000" m_d="1.000000" m_tx="0.000000" m_ty="0.000000"/>
   <element name="assets" layername="base_6" frame="1" z_index="13" m_a="1.000000" m_b="0.000000" m_c="0.000000" m_d="1.000000" m_tx="0.000000" m_ty="0.000000"/>
  </frame>
  <frame idx="75" w="78" h="110" x="-6.622241" y="-10.193802">
   <element name="assets" layername="base" frame="3" z_index="18" m_a="1.000000" m_b="0.000000" m_c="0.000000" m_d="1.000000" m_tx="0.000000" m_ty="0.000000"/>
   <element name="assets" layername="base_2" frame="9" z_index="17" m_a="1.000000" m_b="0.000000" m_c="0.000000" m_d="1.000000" m_tx="0.000000" m_ty="0.000000"/>
   <element name="assets" layername="base_3" frame="11" z_index="16" m_a="1.000000" m_b="0.000000" m_c="0.000000" m_d="1.000000" m_tx="0.000000" m_ty="0.000000"/>
   <element name="assets" layername="base_4" frame="10" z_index="15" m_a="0.763980" m_b="0.645240" m_c="-0.645240" m_d="0.763980" m_tx="-0.122241" m_ty="-0.693802"/>
   <element name="assets" layername="base_5" frame="6" z_index="14" m_a="1.000000" m_b="0.000000" m_c="0.000000" m_d="1.000000" m_tx="0.000000" m_ty="0.000000"/>
   <element name="assets" layername="base_6" frame="1" z_index="13" m_a="1.000000" m_b="0.000000" m_c="0.000000" m_d="1.000000" m_tx="0.000000" m_ty="0.000000"/>
  </frame>
  <frame idx="100" w="94" h="109" x="-21.866039" y="-10.171776">
   <element name="assets" layername="base" frame="3" z_index="18" m_a="1.000000" m_b="0.000000" m_c="0.000000" m_d="1.000000" m_tx="0.000000" m_ty="0.000000"/>
   <element name="assets" layername="base_2" frame="9" z_index="17" m_a="1.000000" m_b="0.000000" m_c="0.000000" m_d="1.000000" m_tx="0.000000" m_ty="0.000000"/>
   <element name="assets" layername="base_3" frame="11" z_index="16" m_a="1.000000" m_b="0.000000" m_c="0.000000" m_d="1.000000" m_tx="0.000000" m_ty="0.000000"/>
   <element name="assets" layername="base_4" frame="10" z_index="15" m_a="0.593724" m_b="0.804668" m_c="-0.804668" m_d="0.593724" m_tx="-0.365622" m_ty="-0.671776"/>
   <element name="assets" layername="base_5" frame="6" z_index="14" m_a="1.000000" m_b="0.000000" m_c="0.000000" m_d="1.000000" m_tx="0.000000" m_ty="0.000000"/>
   <element name="assets" layername="base_6" frame="1" z_index="13" m_a="1.000000" m_b="0.000000" m_c="0.000000" m_d="1.000000" m_tx="0.000000" m_ty="0.000000"/>
  </frame>
  <frame idx="125" w="119" h="101" x="-44.474697" y="-9.149751">
   <element name="assets" layername="base" frame="3" z_index="18" m_a="1.000000" m_b="0.000000" m_c="0.000000" m_d="1.000000" m_tx="0.000000" m_ty="0.000000"/>
   <element name="assets" layername="base_2" frame="9" z_index="17" m_a="1.000000" m_b="0.000000" m_c="0.000000" m_d="1.000000" m_tx="0.000000" m_ty="0.000000"/>
   <element name="assets" layername="base_3" frame="11" z_index="16" m_a="1.000000" m_b="0.000000" m_c="0.000000" m_d="1.000000" m_tx="0.000000" m_ty="0.000000"/>
   <element name="assets" layername="base_4" frame="10" z_index="15" m_a="0.391168" m_b="0.920319" m_c="-0.920319" m_d="0.391168" m_tx="-0.609004" m_ty="-0.649751"/>
   <element name="assets" layername="base_5" frame="6" z_index="14" m_a="1.000000" m_b="0.000000" m_c="0.000000" m_d="1.000000" m_tx="0.000000" m_ty="0.000000"/>
   <element name="assets" layername="base_6" frame="1" z_index="13" m_a="1.000000" m_b="0.000000" m_c="0.000000" m_d="1.000000" m_tx="0.000000" m_ty="0.000000"/>
  </frame>
  <frame idx="150" w="142" h="89" x="-65.240913" y="-8.127726">
   <element name="assets" layername="base" frame="3" z_index="18" m_a="1.000000" m_b="0.000000" m_c="0.000000" m_d="1.000000" m_tx="0.000000" m_ty="0.000000"/>
   <element name="assets" layername="base_2" frame="9" z_index="17" m_a="1.000000" m_b="0.000000" m_c="0.000000" m_d="1.000000" m_tx="0.000000" m_ty="0.000000"/>
   <element name="assets" layername="base_3" frame="11" z_index="16" m_a="1.000000" m_b="0.000000" m_c="0.000000" m_d="1.000000" m_tx="0.000000" m_ty="0.000000"/>
   <element name="assets" layername="base_4" frame="10" z_index="15" m_a="0.167330" m_b="0.985901" m_c="-0.985901" m_d="0.167330" m_tx="-0.852385" m_ty="-0.627725"/>
   <element name="assets" layername="base_5" frame="6" z_index="14" m_a="1.000000" m_b="0.000000" m_c="0.000000" m_d="1.000000" m_tx="0.000000" m_ty="0.000000"/>
   <element name="assets" layername="base_6" frame="1" z_index="13" m_a="1.000000" m_b="0.000000" m_c="0.000000" m_d="1.000000" m_tx="0.000000" m_ty="0.000000"/>
  </frame>
  <frame idx="175" w="161" h="78" x="-82.656967" y="-7.105700">
   <element name="assets" layername="base" frame="3" z_index="18" m_a="1.000000" m_b="0.000000" m_c="0.000000" m_d="1.000000" m_tx="0.000000" m_ty="0.000000"/>
   <element name="assets" layername="base_2" frame="9" z_index="17" m_a="1.000000" m_b="0.000000" m_c="0.000000" m_d="1.000000" m_tx="0.000000" m_ty="0.000000"/>
   <element name="assets" layername="base_3" frame="11" z_index="16" m_a="1.000000" m_b="0.000000" m_c="0.000000" m_d="1.000000" m_tx="0.000000" m_ty="0.000000"/>
   <element name="assets" layername="base_4" frame="10" z_index="15" m_a="-0.065611" m_b="0.997845" m_c="-0.997845" m_d="-0.065611" m_tx="-1.095766" m_ty="-0.605700"/>
   <element name="assets" layername="base_5" frame="6" z_index="14" m_a="1.000000" m_b="0.000000" m_c="0.000000" m_d="1.000000" m_tx="0.000000" m_ty="0.000000"/>
   <element name="assets" layername="base_6" frame="1" z_index="13" m_a="1.000000" m_b="0.000000" m_c="0.000000" m_d="1.000000" m_tx="0.000000" m_ty="0.000000"/>
  </frame>
  <frame idx="200" w="176" h="78" x="-96.370201" y="-7.083674">
   <element name="assets" layername="base" frame="3" z_index="18" m_a="1.000000" m_b="0.000000" m_c="0.000000" m_d="1.000000" m_tx="0.000000" m_ty="0.000000"/>
   <element name="assets" layername="base_2" frame="9" z_index="17" m_a="1.000000" m_b="0.000000" m_c="0.000000" m_d="1.000000" m_tx="0.000000" m_ty="0.000000"/>
   <element name="assets" layername="base_3" frame="11" z_index="16" m_a="1.000000" m_b="0.000000" m_c="0.000000" m_d="1.000000" m_tx="0.000000" m_ty="0.000000"/>
   <element name="assets" layername="base_4" frame="10" z_index="15" m_a="-0.294983" m_b="0.955503" m_c="-0.955503" m_d="-0.294983" m_tx="-1.339148" m_ty="-0.583674"/>
   <element name="assets" layername="base_5" frame="6" z_index="14" m_a="1.000000" m_b="0.000000" m_c="0.000000" m_d="1.000000" m_tx="0.000000" m_ty="0.000000"/>
   <element name="assets" layername="base_6" frame="1" z_index="13" m_a="1.000000" m_b="0.000000" m_c="0.000000" m_d="1.000000" m_tx="0.000000" m_ty="0.000000"/>
  </frame>
  <frame idx="225" w="185" h="78" x="-104.729416" y="-7.061649">
   <element name="assets" layername="base" frame="3" z_index="18" m_a="1.000000" m_b="0.000000" m_c="0.000000" m_d="1.000000" m_tx="0.000000" m_ty="0.000000"/>
   <element name="assets" layername="base_2" frame="9" z_index="17" m_a="1.000000" m_b="0.000000" m_c="0.000000" m_d="1.000000" m_tx="0.000000" m_ty="0.000000"/>
   <element name="assets" layername="base_3" frame="11" z_index="16" m_a="1.000000" m_b="0.000000" m_c="0.000000" m_d="1.000000" m_tx="0.000000" m_ty="0.000000"/>
   <element name="assets" layername="base_4" frame="10" z_index="15" m_a="-0.508306" m_b="0.861176" m_c="-0.861176" m_d="-0.508306" m_tx="-1.582529" m_ty="-0.561649"/>
   <element name="assets" layername="base_5" frame="6" z_index="14" m_a="1.000000" m_b="0.000000" m_c="0.000000" m_d="1.000000" m_tx="0.000000" m_ty="0.000000"/>
   <element name="assets" layername="base_6" frame="1" z_index="13" m_a="1.000000" m_b="0.000000" m_c="0.000000" m_d="1.000000" m_tx="0.000000" m_ty="0.000000"/>
  </frame>
  <frame idx="250" w="189" h="78" x="-108.320251" y="-7.039623">
   <element name="assets" layername="base" frame="3" z_index="18" m_a="1.000000" m_b="0.000000" m_c="0.000000" m_d="1.000000" m_tx="0.000000" m_ty="0.000000"/>
   <element name="assets" layername="base_2" frame="9" z_index="17" m_a="1.000000" m_b="0.000000" m_c="0.000000" m_d="1.000000" m_tx="0.000000" m_ty="0.000000"/>
   <element name="assets" layername="base_3" frame="11" z_index="16" m_a="1.000000" m_b="0.000000" m_c="0.000000" m_d="1.000000" m_tx="0.000000" m_ty="0.000000"/>
   <element name="assets" layername="base_4" frame="10" z_index="15" m_a="-0.693975" m_b="0.719999" m_c="-0.719999" m_d="-0.693975" m_tx="-1.825910" m_ty="-0.539623"/>
   <element name="assets" layername="base_5" frame="6" z_index="14" m_a="1.000000" m_b="0.000000" m_c="0.000000" m_d="1.000000" m_tx="0.000000" m_ty="0.000000"/>
   <element name="assets" layername="base_6" frame="1" z_index="13" m_a="1.000000" m_b="0.000000" m_c="0.000000" m_d="1.000000" m_tx="0.000000" m_ty="0.000000"/>
  </frame>
  <frame idx="275" w="186" h="104" x="-105.987816" y="-30.412622">
   <element name="assets" layername="base" frame="3" z_index="18" m_a="1.000000" m_b="0.000000" m_c="0.000000" m_d="1.000000" m_tx="0.000000" m_ty="0.000000"/>
   <element name="assets" layername="base_2" frame="9" z_index="17" m_a="1.000000" m_b="0.000000" m_c="0.000000" m_d="1.000000" m_tx="0.000000" m_ty="0.000000"/>
   <element name="assets" layername="base_3" frame="11" z_index="16" m_a="1.000000" m_b="0.000000" m_c="0.000000" m_d="1.000000" m_tx="0.000000" m_ty="0.000000"/>
   <element name="assets" layername="base_4" frame="10" z_index="15" m_a="-0.841890" m_b="0.539650" m_c="-0.539650" m_d="-0.841890" m_tx="-2.069292" m_ty="-0.517598"/>
   <element name="assets" layername="base_5" frame="6" z_index="14" m_a="1.000000" m_b="0.000000" m_c="0.000000" m_d="1.000000" m_tx="0.000000" m_ty="0.000000"/>
   <element name="assets" layername="base_6" frame="1" z_index="13" m_a="1.000000" m_b="0.000000" m_c="0.000000" m_d="1.000000" m_tx="0.000000" m_ty="0.000000"/>
  </frame>
  <frame idx="300" w="174" h="134" x="-94.937569" y="-58.206329">
   <element name="assets" layername="base" frame="3" z_index="18" m_a="1.000000" m_b="0.000000" m_c="0.000000" m_d="1.000000" m_tx="0.000000" m_ty="0.000000"/>
   <element name="assets" layername="base_2" frame="9" z_index="17" m_a="1.000000" m_b="0.000000" m_c="0.000000" m_d="1.000000" m_tx="0.000000" m_ty="0.000000"/>
   <element name="assets" layername="base_3" frame="11" z_index="16" m_a="1.000000" m_b="0.000000" m_c="0.000000" m_d="1.000000" m_tx="0.000000" m_ty="0.000000"/>
   <element name="assets" layername="base_4" frame="10" z_index="15" m_a="-0.964652" m_b="0.263525" m_c="-0.263525" m_d="-0.964652" m_tx="-1.834189" m_ty="-0.906613"/>
   <element name="assets" layername="base_5" frame="6" z_index="14" m_a="1.000000" m_b="0.000000" m_c="0.000000" m_d="1.000000" m_tx="0.000000" m_ty="0.000000"/>
   <element name="assets" layername="base_6" frame="1" z_index="13" m_a="1.000000" m_b="0.000000" m_c="0.000000" m_d="1.000000" m_tx="0.000000" m_ty="0.000000"/>
  </frame>
  <frame idx="325" w="153" h="160" x="-75.997215" y="-81.560883">
   <element name="assets" layername="base" frame="3" z_index="18" m_a="1.000000" m_b="0.000000" m_c="0.000000" m_d="1.000000" m_tx="0.000000" m_ty="0.000000"/>
   <element name="assets" layername="base_2" frame="9" z_index="17" m_a="1.000000" m_b="0.000000" m_c="0.000000" m_d="1.000000" m_tx="0.000000" m_ty="0.000000"/>
   <element name="assets" layername="base_3" frame="11" z_index="16" m_a="1.000000" m_b="0.000000" m_c="0.000000" m_d="1.000000" m_tx="0.000000" m_ty="0.000000"/>
   <element name="assets" layername="base_4" frame="10" z_index="15" m_a="-0.999217" m_b="-0.039560" m_c="0.039560" m_d="-0.999217" m_tx="-1.579149" m_ty="-1.312755"/>
   <element name="assets" layername="base_5" frame="6" z_index="14" m_a="1.000000" m_b="0.000000" m_c="0.000000" m_d="1.000000" m_tx="0.000000" m_ty="0.000000"/>
   <element name="assets" layername="base_6" frame="1" z_index="13" m_a="1.000000" m_b="0.000000" m_c="0.000000" m_d="1.000000" m_tx="0.000000" m_ty="0.000000"/>
  </frame>
  <frame idx="350" w="125" h="178" x="-50.341583" y="-98.228958">
   <element name="assets" layername="base" frame="3" z_index="18" m_a="1.000000" m_b="0.000000" m_c="0.000000" m_d="1.000000" m_tx="0.000000" m_ty="0.000000"/>
   <element name="assets" layername="base_2" frame="9" z_index="17" m_a="1.000000" m_b="0.000000" m_c="0.000000" m_d="1.000000" m_tx="0.000000" m_ty="0.000000"/>
   <element name="assets" layername="base_3" frame="11" z_index="16" m_a="1.000000" m_b="0.000000" m_c="0.000000" m_d="1.000000" m_tx="0.000000" m_ty="0.000000"/>
   <element name="assets" layername="base_4" frame="10" z_index="15" m_a="-0.940799" m_b="-0.338964" m_c="0.338964" m_d="-0.940799" m_tx="-1.324110" m_ty="-1.718897"/>
   <element name="assets" layername="base_5" frame="6" z_index="14" m_a="1.000000" m_b="0.000000" m_c="0.000000" m_d="1.000000" m_tx="0.000000" m_ty="0.000000"/>
   <element name="assets" layername="base_6" frame="1" z_index="13" m_a="1.000000" m_b="0.000000" m_c="0.000000" m_d="1.000000" m_tx="0.000000" m_ty="0.000000"/>
  </frame>
  <frame idx="375" w="94" h="186" x="-21.101673" y="-106.275352">
   <element name="assets" layername="base" frame="3" z_index="18" m_a="1.000000" m_b="0.000000" m_c="0.000000" m_d="1.000000" m_tx="0.000000" m_ty="0.000000"/>
   <element name="assets" layername="base_2" frame="9" z_index="17" m_a="1.000000" m_b="0.000000" m_c="0.000000" m_d="1.000000" m_tx="0.000000" m_ty="0.000000"/>
   <element name="assets" layername="base_3" frame="11" z_index="16" m_a="1.000000" m_b="0.000000" m_c="0.000000" m_d="1.000000" m_tx="0.000000" m_ty="0.000000"/>
   <element name="assets" layername="base_4" frame="10" z_index="15" m_a="-0.794835" m_b="-0.606826" m_c="0.606826" m_d="-0.794835" m_tx="-1.069070" m_ty="-2.125039"/>
   <element name="assets" layername="base_5" frame="6" z_index="14" m_a="1.000000" m_b="0.000000" m_c="0.000000" m_d="1.000000" m_tx="0.000000" m_ty="0.000000"/>
   <element name="assets" layername="base_6" frame="1" z_index="13" m_a="1.000000" m_b="0.000000" m_c="0.000000" m_d="1.000000" m_tx="0.000000" m_ty="0.000000"/>
  </frame>
  <frame idx="400" w="78" h="185" x="-7.314030" y="-105.474083">
   <element name="assets" layername="base" frame="3" z_index="18" m_a="1.000000" m_b="0.000000" m_c="0.000000" m_d="1.000000" m_tx="0.000000" m_ty="0.000000"/>
   <element name="assets" layername="base_2" frame="9" z_index="17" m_a="1.000000" m_b="0.000000" m_c="0.000000" m_d="1.000000" m_tx="0.000000" m_ty="0.000000"/>
   <element name="assets" layername="base_3" frame="11" z_index="16" m_a="1.000000" m_b="0.000000" m_c="0.000000" m_d="1.000000" m_tx="0.000000" m_ty="0.000000"/>
   <element name="assets" layername="base_4" frame="10" z_index="15" m_a="-0.574907" m_b="-0.818219" m_c="0.818219" m_d="-0.574907" m_tx="-0.814030" m_ty="-2.531181"/>
   <element name="assets" layername="base_5" frame="6" z_index="14" m_a="1.000000" m_b="0.000000" m_c="0.000000" m_d="1.000000" m_tx="0.000000" m_ty="0.000000"/>
   <element name="assets" layername="base_6" frame="1" z_index="13" m_a="1.000000" m_b="0.000000" m_c="0.000000" m_d="1.000000" m_tx="0.000000" m_ty="0.000000"/>
  </frame>
  <frame idx="425" w="78" h="174" x="-7.058990" y="-95.375992">
   <element name="assets" layername="base" frame="3" z_index="18" m_a="1.000000" m_b="0.000000" m_c="0.000000" m_d="1.000000" m_tx="0.000000" m_ty="0.000000"/>
   <element name="assets" layername="base_2" frame="9" z_index="17" m_a="1.000000" m_b="0.000000" m_c="0.000000" m_d="1.000000" m_tx="0.000000" m_ty="0.000000"/>
   <element name="assets" layername="base_3" frame="11" z_index="16" m_a="1.000000" m_b="0.000000" m_c="0.000000" m_d="1.000000" m_tx="0.000000" m_ty="0.000000"/>
   <element name="assets" layername="base_4" frame="10" z_index="15" m_a="-0.301481" m_b="-0.953472" m_c="0.953472" m_d="-0.301481" m_tx="-0.558991" m_ty="-2.937323"/>
   <element name="assets" layername="base_5" frame="6" z_index="14" m_a="1.000000" m_b="0.000000" m_c="0.000000" m_d="1.000000" m_tx="0.000000" m_ty="0.000000"/>
   <element name="assets" layername="base_6" frame="1" z_index="13" m_a="1.000000" m_b="0.000000" m_c="0.000000" m_d="1.000000" m_tx="0.000000" m_ty="0.000000"/>
  </frame>
  <frame idx="450" w="78" h="155" x="-6.803951" y="-77.303955">
   <element name="assets" layername="base" frame="3" z_index="18" m_a="1.000000" m_b="0.000000" m_c="0.000000" m_d="1.000000" m_tx="0.000000" m_ty="0.000000"/>
   <element name="assets" layername="base_2" frame="9" z_index="17" m_a="1.000000" m_b="0.000000" m_c="0.000000" m_d="1.000000" m_tx="0.000000" m_ty="0.000000"/>
   <element name="assets" layername="base_3" frame="11" z_index="16" m_a="1.000000" m_b="0.000000" m_c="0.000000" m_d="1.000000" m_tx="0.000000" m_ty="0.000000"/>
   <element name="assets" layername="base_4" frame="10" z_index="15" m_a="-0.000000" m_b="-1.000000" m_c="1.000000" m_d="-0.000000" m_tx="-0.303951" m_ty="-3.343465"/>
   <element name="assets" layername="base_5" frame="6" z_index="14" m_a="1.000000" m_b="0.000000" m_c="0.000000" m_d="1.000000" m_tx="0.000000" m_ty="0.000000"/>
   <element name="assets" layername="base_6" frame="1" z_index="13" m_a="1.000000" m_b="0.000000" m_c="0.000000" m_d="1.000000" m_tx="0.000000" m_ty="0.000000"/>
  </frame>
  <frame idx="475" w="95" h="132" x="-8.151976" y="-56.406807">
   <element name="assets" layername="base" frame="3" z_index="18" m_a="1.000000" m_b="0.000000" m_c="0.000000" m_d="1.000000" m_tx="0.000000" m_ty="0.000000"/>
   <element name="assets" layername="base_2" frame="9" z_index="17" m_a="1.000000" m_b="0.000000" m_c="0.000000" m_d="1.000000" m_tx="0.000000" m_ty="0.000000"/>
   <element name="assets" layername="base_3" frame="11" z_index="16" m_a="1.000000" m_b="0.000000" m_c="0.000000" m_d="1.000000" m_tx="0.000000" m_ty="0.000000"/>
   <element name="assets" layername="base_4" frame="10" z_index="15" m_a="0.258819" m_b="-0.965926" m_c="0.965926" m_d="0.258819" m_tx="-0.151975" m_ty="-2.912867"/>
   <element name="assets" layername="base_5" frame="6" z_index="14" m_a="1.000000" m_b="0.000000" m_c="0.000000" m_d="1.000000" m_tx="0.000000" m_ty="0.000000"/>
   <element name="assets" layername="base_6" frame="1" z_index="13" m_a="1.000000" m_b="0.000000" m_c="0.000000" m_d="1.000000" m_tx="0.000000" m_ty="0.000000"/>
  </frame>
  <frame idx="500" w="106" h="106" x="-9.000000" y="-32.425629">
   <element name="assets" layername="base" frame="3" z_index="18" m_a="1.000000" m_b="0.000000" m_c="0.000000" m_d="1.000000" m_tx="0.000000" m_ty="0.000000"/>
   <element name="assets" layername="base_2" frame="9" z_index="17" m_a="1.000000" m_b="0.000000" m_c="0.000000" m_d="1.000000" m_tx="0.000000" m_ty="0.000000"/>
   <element name="assets" layername="base_3" frame="11" z_index="16" m_a="1.000000" m_b="0.000000" m_c="0.000000" m_d="1.000000" m_tx="0.000000" m_ty="0.000000"/>
   <element name="assets" layername="base_4" frame="10" z_index="15" m_a="0.500000" m_b="-0.866025" m_c="0.866025" m_d="0.500000" m_tx="0.000000" m_ty="-2.482269"/>
   <element name="assets" layername="base_5" frame="6" z_index="14" m_a="1.000000" m_b="0.000000" m_c="0.000000" m_d="1.000000" m_tx="0.000000" m_ty="0.000000"/>
   <element name="assets" layername="base_6" frame="1" z_index="13" m_a="1.000000" m_b="0.000000" m_c="0.000000" m_d="1.000000" m_tx="0.000000" m_ty="0.000000"/>
  </frame>
  <frame idx="525" w="110" h="81" x="-9.500000" y="-9.051672">
   <element name="assets" layername="base" frame="3" z_index="18" m_a="1.000000" m_b="0.000000" m_c="0.000000" m_d="1.000000" m_tx="0.000000" m_ty="0.000000"/>
   <element name="assets" layername="base_2" frame="9" z_index="17" m_a="1.000000" m_b="0.000000" m_c="0.000000" m_d="1.000000" m_tx="0.000000" m_ty="0.000000"/>
   <element name="assets" layername="base_3" frame="11" z_index="16" m_a="1.000000" m_b="0.000000" m_c="0.000000" m_d="1.000000" m_tx="0.000000" m_ty="0.000000"/>
   <element name="assets" layername="base_4" frame="10" z_index="15" m_a="0.707107" m_b="-0.707107" m_c="0.707107" m_d="0.707107" m_tx="0.151976" m_ty="-2.051672"/>
   <element name="assets" layername="base_5" frame="6" z_index="14" m_a="1.000000" m_b="0.000000" m_c="0.000000" m_d="1.000000" m_tx="0.000000" m_ty="0.000000"/>
   <element name="assets" layername="base_6" frame="1" z_index="13" m_a="1.000000" m_b="0.000000" m_c="0.000000" m_d="1.000000" m_tx="0.000000" m_ty="0.000000"/>
  </frame>
  <frame idx="550" w="106" h="80" x="-9.000000" y="-8.621074">
   <element name="assets" layername="base" frame="3" z_index="18" m_a="1.000000" m_b="0.000000" m_c="0.000000" m_d="1.000000" m_tx="0.000000" m_ty="0.000000"/>
   <element name="assets" layername="base_2" frame="9" z_index="17" m_a="1.000000" m_b="0.000000" m_c="0.000000" m_d="1.000000" m_tx="0.000000" m_ty="0.000000"/>
   <element name="assets" layername="base_3" frame="11" z_index="16" m_a="1.000000" m_b="0.000000" m_c="0.000000" m_d="1.000000" m_tx="0.000000" m_ty="0.000000"/>
   <element name="assets" layername="base_4" frame="10" z_index="15" m_a="0.866025" m_b="-0.500000" m_c="0.500000" m_d="0.866025" m_tx="0.303952" m_ty="-1.621074"/>
   <element name="assets" layername="base_5" frame="6" z_index="14" m_a="1.000000" m_b="0.000000" m_c="0.000000" m_d="1.000000" m_tx="0.000000" m_ty="0.000000"/>
   <element name="assets" layername="base_6" frame="1" z_index="13" m_a="1.000000" m_b="0.000000" m_c="0.000000" m_d="1.000000" m_tx="0.000000" m_ty="0.000000"/>
  </frame>
  <frame idx="575" w="95" h="80" x="-8.000000" y="-8.190475">
   <element name="assets" layername="base" frame="3" z_index="18" m_a="1.000000" m_b="0.000000" m_c="0.000000" m_d="1.000000" m_tx="0.000000" m_ty="0.000000"/>
   <element name="assets" layername="base_2" frame="9" z_index="17" m_a="1.000000" m_b="0.000000" m_c="0.000000" m_d="1.000000" m_tx="0.000000" m_ty="0.000000"/>
   <element name="assets" layername="base_3" frame="11" z_index="16" m_a="1.000000" m_b="0.000000" m_c="0.000000" m_d="1.000000" m_tx="0.000000" m_ty="0.000000"/>
   <element name="assets" layername="base_4" frame="10" z_index="15" m_a="0.965926" m_b="-0.258819" m_c="0.258819" m_d="0.965926" m_tx="0.455927" m_ty="-1.190476"/>
   <element name="assets" layername="base_5" frame="6" z_index="14" m_a="1.000000" m_b="0.000000" m_c="0.000000" m_d="1.000000" m_tx="0.000000" m_ty="0.000000"/>
   <element name="assets" layername="base_6" frame="1" z_index="13" m_a="1.000000" m_b="0.000000" m_c="0.000000" m_d="1.000000" m_tx="0.000000" m_ty="0.000000"/>
  </frame>
 </anim>
</Anims>
